{
  "version": "model_v1780324503",
  "timestamp": 1780324503.915709,
  "created_at": "2026-06-01T14:35:03.915724",
  "contamination": 0.01,
  "threshold": 0.6723934332265089,
  "num_training_samples": 235,
  "feature_means": [
    13.66020788371787,
    7.58058959910156,
    9.562355947861777,
    0.7829787234042553,
    0.17446808510638298,
    0.0425531914893617,
    0.22127659574468084,
    0.1702127659574468,
    0.05106382978723404,
    0.46808510638297873,
    0.08936170212765958,
    1.2638297872340425,
    5.232089762707761
  ],
  "feature_stds": [
    23.97952757999276,
    2.5110149931852486,
    3.3948154189917514,
    0.4122172268361637,
    0.37951149177026844,
    0.2018475102235137,
    0.41510632845130796,
    0.37581961133310043,
    0.22012795159791715,
    0.49898039998121646,
    0.28526511935479837,
    1.2710232989000474,
    4.486350153940843
  ],
  "baseline_score_sample": [
    0.43643729304707757,
    0.44596823870333857,
    0.5890086600312421,
    0.4911955789323813,
    0.535196920396019,
    0.4843193158332216,
    0.49831307447147694,
    0.45272987511918406,
    0.5055587961589671,
    0.43211438715710226,
    0.47679292334429507,
    0.5015951917575858,
    0.5580567889733442,
    0.42139757209186235,
    0.4461942127536739,
    0.5641895727404541,
    0.4747746804753111,
    0.5521725796937116,
    0.4867005937365197,
    0.4801649386308498,
    0.46846514261253275,
    0.42903629986831987,
    0.4349254156144594,
    0.4638685353507735,
    0.42547929446597077,
    0.41915403734079293,
    0.520042005896263,
    0.41624306415154877,
    0.503344933203126,
    0.5604382496383782,
    0.43691318543517077,
    0.5528078906687305,
    0.5876891801228294,
    0.42735294386763156,
    0.4559458603374232,
    0.4728601159632903,
    0.5876891801228294,
    0.4430659168569582,
    0.43924075732576334,
    0.46420796516689655,
    0.5378495463177404,
    0.5591566303872472,
    0.4489517977576813,
    0.4754339253742604,
    0.5213346262027928,
    0.48278127214790334,
    0.4814606013956711,
    0.468049841905821,
    0.4928291339925829,
    0.7197515215713477,
    0.4714770844561889,
    0.5876891801228294,
    0.48218191469583066,
    0.48283659612653296,
    0.43712923113454855,
    0.46815743520594844,
    0.4525512586672243,
    0.487421765468964,
    0.42849905751739403,
    0.4935734036444215,
    0.5629742977759616,
    0.46358032062505794,
    0.5986166395175514,
    0.44343407285928604,
    0.4862618487793527,
    0.44851873985164326,
    0.4889450402692477,
    0.48212792131224547,
    0.5290036129509201,
    0.4574550953525903,
    0.4714278783140832,
    0.48350136864358384,
    0.5285502613005939,
    0.5041425136183056,
    0.4420662259553859,
    0.4183232211126531,
    0.5336364602583147,
    0.5154214872993328,
    0.4367085042228622,
    0.42446521451911123,
    0.46790946066407757,
    0.5056145117428735,
    0.46035361973820826,
    0.47813256802759796,
    0.43157464177660937,
    0.42926153009709006,
    0.4334119431000279,
    0.5021949982951476,
    0.47285299129210384,
    0.5539465735174702,
    0.4380786067845204,
    0.4904210359341414,
    0.5055292559177377,
    0.5430252212310261,
    0.5491961208358904,
    0.47173913894731384,
    0.5026273905348985,
    0.4355619494487048,
    0.4370226448233447,
    0.6650259751874776,
    0.5041197497568698,
    0.46226242467008305,
    0.5189744597924554,
    0.4404402798389718,
    0.53322877073586,
    0.46019961478933835,
    0.46428708225151316,
    0.5093956487887931,
    0.5376008187529393,
    0.4321919693806413,
    0.45085838834903974,
    0.6352771132930386,
    0.466534761978148,
    0.44030502790957005,
    0.5096704451532951,
    0.46900841328022624,
    0.45568418844061154,
    0.48118555363902377,
    0.4248535077043123,
    0.4573915115097121,
    0.4972683237228837,
    0.5876891801228294,
    0.4614774109820093,
    0.5075488161536476,
    0.47249612608691394,
    0.5328378745674791,
    0.4635892264350728,
    0.6298020523274079,
    0.49025736489662797,
    0.6081672259819987,
    0.4153457420098388,
    0.5980319393381371,
    0.5585891303587265,
    0.48487282578946245,
    0.5162365333374461,
    0.487143175467394,
    0.4657926688568104,
    0.5137668222130682,
    0.43681703477138156,
    0.43071347457617853,
    0.5307171848236305,
    0.6071738070879241,
    0.5580138305644031,
    0.5693962315170452,
    0.5771130180331118,
    0.5347023652857446,
    0.5560831844439791,
    0.5322104606448825,
    0.5155524769596355,
    0.7235679964896278,
    0.4437389597345919,
    0.39530553727369727,
    0.4379974389627369,
    0.4244144136345059,
    0.4365257058966039,
    0.4084584329210531,
    0.4010219293045933,
    0.4080021471449905,
    0.40236615043943147,
    0.43501735177266365,
    0.40848506387424155,
    0.4107726325786539,
    0.4385885072623721,
    0.4089999821404954,
    0.4171760383592287,
    0.4254842361854978,
    0.4941144170619471,
    0.4184550663776516,
    0.4309976985990156,
    0.43232845216365917,
    0.44548983162416944,
    0.40824928495142554,
    0.42738092495069546,
    0.48773373061526937,
    0.46720547474703866,
    0.43330307737747137,
    0.5078040882437855,
    0.43836035653743005,
    0.45930898590436453,
    0.4077065006580274,
    0.40182303317236084,
    0.40096294492868423,
    0.4101736136994805,
    0.4088507371095786,
    0.4327332895338705,
    0.41961860114743965,
    0.4143537356413894,
    0.430393157991999,
    0.4073281438740029,
    0.4178943963020391,
    0.4233220902647213,
    0.4075387818657799,
    0.4481949309235932,
    0.46194754535433524,
    0.5443308862529569,
    0.43458678575019455,
    0.40827640501629925,
    0.41049657438242326,
    0.42014730220515856,
    0.6761887903981311,
    0.42429682804324825,
    0.41548516974803457,
    0.4075430051309523,
    0.40153706570526715,
    0.39790393644729133,
    0.4436677294109412,
    0.4340623842949326,
    0.41544170843672834,
    0.40806499949111535,
    0.47795831200372346,
    0.4170328434912482,
    0.417221284348447,
    0.4101646614915352,
    0.3947856068194299,
    0.40395920227807786,
    0.4014521553485026,
    0.41325720148150585,
    0.4192887187002152,
    0.414714810911127,
    0.4176011611442298,
    0.438307679473698,
    0.3987319438547722,
    0.42058528656632443,
    0.419336008466569,
    0.41741903028980193,
    0.4043948097163351,
    0.398999318202589,
    0.42701037620912946,
    0.44728885256436207,
    0.4096558062656438,
    0.42285674146366464,
    0.40538794851283894,
    0.4361329800315598,
    0.39905796675100325,
    0.4407669287807341
  ],
  "feature_names": [
    "duration",
    "log_orig_bytes",
    "log_resp_bytes",
    "proto_tcp",
    "proto_udp",
    "proto_icmp",
    "service_http",
    "service_dns",
    "service_ssh",
    "service_ssl",
    "service_other",
    "src_ip_conn_count_60s",
    "log_src_ip_orig_bytes_sum_60s"
  ]
}