{
  "version": "model_v1780324863",
  "timestamp": 1780324864.006824,
  "created_at": "2026-06-01T14:41:04.006840",
  "contamination": 0.01,
  "threshold": 0.6796339487623656,
  "num_training_samples": 236,
  "feature_means": [
    15.858126324978162,
    7.822889660877874,
    9.593967708460447,
    0.8177966101694916,
    0.15254237288135594,
    0.029661016949152543,
    0.211864406779661,
    0.1483050847457627,
    0.06779661016949153,
    0.4915254237288136,
    0.08050847457627118,
    1.402542372881356,
    5.158679883092386
  ],
  "feature_stds": [
    30.670277658769976,
    2.562598954293053,
    3.2563131566490506,
    0.38601206530985616,
    0.3595458209423114,
    0.1696503493149792,
    0.40862926953359907,
    0.3554021476923206,
    0.2513965588845989,
    0.4999281763983926,
    0.27207877553692683,
    1.647749459748916,
    4.441172228394836
  ],
  "baseline_score_sample": [
    0.6077709271866625,
    0.5500584214832474,
    0.5194942046906914,
    0.5530593738483008,
    0.4483519819113792,
    0.48944960314393066,
    0.495920344404121,
    0.5170926553354536,
    0.4123849116393807,
    0.49937376588823906,
    0.4164032698456945,
    0.4389684695515955,
    0.4381442509160804,
    0.42858783664458106,
    0.4354647280647409,
    0.6077709271866625,
    0.527349469240711,
    0.4422202121014397,
    0.501864079153451,
    0.4949394793219074,
    0.4640942281661011,
    0.5256541365054161,
    0.5108207673030533,
    0.42201237499210503,
    0.45623553716851123,
    0.5285588313458464,
    0.5148247520522057,
    0.4553948534671436,
    0.47090189485501827,
    0.4364837493996118,
    0.5132545928519276,
    0.529727935524876,
    0.5036573920636718,
    0.4310996244221476,
    0.4186360401113054,
    0.5206011667483099,
    0.5149604555600671,
    0.45477026617458044,
    0.5246267393091513,
    0.41502109475725096,
    0.49639959100605546,
    0.5112450212055756,
    0.5554869465051392,
    0.4345205729560166,
    0.4965913002221531,
    0.5443199073598285,
    0.5332206531091525,
    0.4496766163249698,
    0.4501738177886392,
    0.6529323966673746,
    0.4614427448257161,
    0.4187141140914569,
    0.43693375296413683,
    0.5488309400393531,
    0.4361415347121404,
    0.5274660426969991,
    0.4239072708356707,
    0.49372204992314883,
    0.4402431355479506,
    0.4744806013260587,
    0.5681245576140025,
    0.48450164826256464,
    0.47739861727328514,
    0.5464195534342222,
    0.47027578070314113,
    0.538165786688507,
    0.4149306943368367,
    0.4599937263931785,
    0.46634983086472975,
    0.5116518386957081,
    0.5641060037053304,
    0.4167667565769438,
    0.5358539222475691,
    0.45514412572669594,
    0.4492115412143916,
    0.471064637843444,
    0.5268182885015675,
    0.4867236122091181,
    0.5441705377083907,
    0.4602841194228767,
    0.4297770083654559,
    0.4155001620644176,
    0.46688114997575325,
    0.4155669187591501,
    0.6025485497235321,
    0.49406166294794185,
    0.4020965760608613,
    0.513733789374823,
    0.46512605468412715,
    0.5156835638304259,
    0.5045124519997852,
    0.4231928557185853,
    0.43252272349395104,
    0.5133932268653912,
    0.5296726872746553,
    0.5685152800181575,
    0.506477191569626,
    0.49843458383514583,
    0.4392215226989565,
    0.694011707582745,
    0.4625856023324847,
    0.430368876361931,
    0.6196750144626537,
    0.4379771215215973,
    0.5118143127684679,
    0.5263698289090313,
    0.4069018817653249,
    0.5256507328691462,
    0.5080737999145406,
    0.3974819091979303,
    0.5115351227983541,
    0.41135893998498346,
    0.4761340484337683,
    0.5032511502207317,
    0.4543877746702508,
    0.6137576443546225,
    0.48909954139777306,
    0.41981644357941517,
    0.6038996635010369,
    0.41620520413373646,
    0.5378383114429596,
    0.47901572728912684,
    0.5506724891650417,
    0.6145698968690686,
    0.4367476845809954,
    0.5131076680155943,
    0.5047680047385008,
    0.559886843974799,
    0.49371590285857375,
    0.5021282461573752,
    0.48778847220572835,
    0.4148527604107625,
    0.5363113423680749,
    0.3992479347577975,
    0.5185634288598666,
    0.4960411012840537,
    0.4148839087097376,
    0.4149445685596706,
    0.46195387885058214,
    0.4696741381465242,
    0.40637571041956255,
    0.47526568949375114,
    0.49827626028128086,
    0.41178242662230663,
    0.4696299433481013,
    0.4797344212847422,
    0.584680816260918,
    0.42875771118362527,
    0.5331151939376413,
    0.7471634234681627,
    0.4336691249638079,
    0.3974921206166557,
    0.3963503606554249,
    0.3974518754404802,
    0.39373811836867356,
    0.4153235692334535,
    0.4452006426551614,
    0.4634214255831255,
    0.3955223901761999,
    0.40171724826114075,
    0.4114367777740911,
    0.39330448293332676,
    0.39458471007275975,
    0.40680576193913764,
    0.45100711749982364,
    0.3972286625020281,
    0.39764543968955063,
    0.4185944219292738,
    0.40977644001918306,
    0.391308751540002,
    0.43235855708978,
    0.3914058805551592,
    0.40930362210001126,
    0.42810361336066455,
    0.4101482924997405,
    0.4173278330875523,
    0.395697989653403,
    0.39585899168564076,
    0.39241879464338114,
    0.41532846953515984,
    0.4280288165979288,
    0.40012643367900513,
    0.4034613624474802,
    0.3941080893424283,
    0.42133800260475435,
    0.4304143473032317,
    0.3937833664225917,
    0.44636392732572466,
    0.4391642352977165,
    0.3963352888707593,
    0.41260325653637886,
    0.40227400690903453,
    0.4021084311289388,
    0.43982139536360515,
    0.42776861374999864,
    0.39378475315478145,
    0.4022715149126488,
    0.4911777343526673,
    0.39890159600444924,
    0.7283940443736001,
    0.40027426679784917,
    0.4311925245450436,
    0.39967456221444525,
    0.4308182633277271,
    0.4093046845725485,
    0.41675954576915475,
    0.42938219769664593,
    0.5113960634815425,
    0.4099595769418486,
    0.4138549185854957,
    0.3952851154439681,
    0.4339862402115118,
    0.4144672323600812,
    0.39284689908965265,
    0.517457090151235,
    0.41331624391893435,
    0.4198224574790682,
    0.4223661938822666,
    0.4018570054446664,
    0.43030425920131127,
    0.40568869464665197,
    0.43425894054791897,
    0.43860062417892526,
    0.4054457310468136,
    0.3969681591144085,
    0.3944979423917796,
    0.40807423819092,
    0.4139554993114832,
    0.43029295662179107,
    0.4271171251983131,
    0.41113038941449087,
    0.40001581880066145,
    0.4169314508147309,
    0.3950223702973809,
    0.4335304064193279,
    0.4022782559675409
  ],
  "feature_names": [
    "duration",
    "log_orig_bytes",
    "log_resp_bytes",
    "proto_tcp",
    "proto_udp",
    "proto_icmp",
    "service_http",
    "service_dns",
    "service_ssh",
    "service_ssl",
    "service_other",
    "src_ip_conn_count_60s",
    "log_src_ip_orig_bytes_sum_60s"
  ]
}