{
  "version": "model_v1",
  "timestamp": 1780324406.5172968,
  "created_at": "2026-06-01T14:33:26.517302",
  "contamination": 0.01,
  "threshold": 0.6300827359230463,
  "num_training_samples": 1200,
  "feature_means": [
    3.640440037257158,
    6.383861174217028,
    7.680653766629827,
    0.68,
    0.2658333333333333,
    0.05416666666666667,
    0.3441666666666667,
    0.2658333333333333,
    0.07,
    0.19416666666666665,
    0.12583333333333332,
    4.99,
    8.439227828130806
  ],
  "feature_stds": [
    9.042327535696938,
    1.9861979539072343,
    2.363168030958519,
    0.4664761515876215,
    0.441775929880996,
    0.22634628092568193,
    0.47509575058321163,
    0.441775929880996,
    0.255147016443463,
    0.39555779883883346,
    0.33166143211949195,
    3.1352671337543083,
    2.9180373078023405
  ],
  "baseline_score_sample": [
    0.5506201184717756,
    0.5671693531682694,
    0.6390486223139954,
    0.507084678555463,
    0.5175441429520955,
    0.599690131844193,
    0.49293114292323353,
    0.6333111355644352,
    0.43577701186151513,
    0.536099144472767,
    0.569503218359103,
    0.6006823811158916,
    0.444174173157524,
    0.5634327611940197,
    0.5085027555553068,
    0.5808272416218375,
    0.53997118605216,
    0.5142482256202863,
    0.5621653341447685,
    0.5010255709924849,
    0.5491890175328988,
    0.5050861451107309,
    0.5906964845448229,
    0.520987939042781,
    0.5485816637010353,
    0.5755920903034665,
    0.5031161936421362,
    0.5219338050015315,
    0.5005995791730092,
    0.4744471649438209,
    0.5798841982310725,
    0.5432669984722692,
    0.5759259776021916,
    0.4936966038210831,
    0.5013110631993255,
    0.5958884245656274,
    0.5385185309173655,
    0.5065381481684395,
    0.5938221262137008,
    0.4350680237733521,
    0.596269585085715,
    0.6390486223139954,
    0.5181596436702652,
    0.5367166559703589,
    0.5929662145552732,
    0.5787904468809191,
    0.5589206020524056,
    0.507902723578951,
    0.5439315916604641,
    0.49690778441310995,
    0.5857622213568414,
    0.5121772232951417,
    0.49903961443280875,
    0.4566856384039164,
    0.5757754475665787,
    0.5702517247862152,
    0.5770340256659141,
    0.46624603523098307,
    0.5197186803023169,
    0.6390486223139954,
    0.5443097990032953,
    0.6390486223139954,
    0.5500884314530301,
    0.5212720892720726,
    0.5337426686372889,
    0.5875386137044951,
    0.4968948705843491,
    0.4762982110153114,
    0.5023217544776707,
    0.5469621545220423,
    0.5622042658616654,
    0.5912337860314141,
    0.44994120623233363,
    0.5919269814646431,
    0.4673334787623344,
    0.6300564640110276,
    0.518932421366123,
    0.5036088594860345,
    0.5723972568724505,
    0.6278051784609304,
    0.6326836552129009,
    0.5577996941083267,
    0.5659227455106237,
    0.5114302010376883,
    0.47185640979425353,
    0.47564207607285486,
    0.4554348496581218,
    0.5607066661735307,
    0.6390486223139954,
    0.5959183910933894,
    0.5665981343003146,
    0.5297676402585635,
    0.5325024960982306,
    0.5500479254665762,
    0.520297803365966,
    0.5424126891969461,
    0.44466836584405045,
    0.4779522885047971,
    0.5113010046946587,
    0.46692504465364204,
    0.48887116100333367,
    0.4519241527785966,
    0.5369903712935887,
    0.4614385071692471,
    0.5144302503348935,
    0.5248337506533147,
    0.5631919853606621,
    0.45718347375540314,
    0.5253220973707632,
    0.5831712864431574,
    0.45277224713653647,
    0.5159272992916539,
    0.5057759467524927,
    0.49476357838788404,
    0.5288272712544834,
    0.5121179193042774,
    0.5001713595789439,
    0.5012956700329803,
    0.4824795603833279,
    0.4513794489422379,
    0.6110157966393257,
    0.6132075853675114,
    0.4564872953206833,
    0.4709330057093807,
    0.48607131250589447,
    0.5136062729473363,
    0.4509473984814182,
    0.44920265577535773,
    0.5366078125128584,
    0.5625323528474914,
    0.482286711095033,
    0.5678138358468083,
    0.5361204074677922,
    0.546635841152921,
    0.5401353668263069,
    0.601815073147466,
    0.6338576445666021,
    0.5427580928318426,
    0.560998662736439,
    0.49813738515323197,
    0.501816237268069,
    0.515191141922367,
    0.41923527867238247,
    0.47695912213741576,
    0.4740063368687384,
    0.5480618487576551,
    0.4335268483025953,
    0.497873787039971,
    0.45073225993201954,
    0.5125475600404393,
    0.535367547268487,
    0.5631452989056809,
    0.46077374699647944,
    0.5092060149843384,
    0.44620583655472884,
    0.5020301309284916,
    0.5670166801299249,
    0.5017079350962736,
    0.47893450087363154,
    0.5735765988836695,
    0.4382199117190413,
    0.5395605311753263,
    0.4664229994758279,
    0.4767520350820236,
    0.43854118024269373,
    0.4177403322513012,
    0.47336940648349857,
    0.44946459384263876,
    0.5285842335545538,
    0.4591128435264767,
    0.551916508580602,
    0.45301395708132114,
    0.4974310025379492,
    0.501167073825075,
    0.477779282466319,
    0.45949436953695993,
    0.4480132383873017,
    0.44570249640956544,
    0.5119706822805311,
    0.5538700716669185,
    0.44855065665879335,
    0.5917219018371486,
    0.46129674352810635,
    0.4819256704171072,
    0.49242024079829727,
    0.49527700943866304,
    0.6120299958259938,
    0.6390486223139954,
    0.4792200586257981,
    0.41264584212967376,
    0.5564773701233284,
    0.550629518369209,
    0.44858282118879245,
    0.4544411347696147,
    0.5771053741173922,
    0.47160957645877677,
    0.4646796002563317,
    0.44378206394728864,
    0.4810796651871915,
    0.5013091365316146,
    0.5071049544448984,
    0.4596880153114308,
    0.44520148617475686,
    0.5422348342351859,
    0.42684670698488814,
    0.4990151896857979,
    0.551283696816946,
    0.5060806987631996,
    0.416891773666003,
    0.5225940980741195,
    0.563780215079771,
    0.4482351228682047,
    0.4444635361030781,
    0.4898711198769093,
    0.5315130557830011,
    0.6146413676362564,
    0.6088295744380169,
    0.5111756218979262,
    0.5089984998617147,
    0.526912327601405,
    0.4439340052943415,
    0.5750124668553408,
    0.5623231581282788,
    0.4811098130060263,
    0.5198214655964623,
    0.46049758588029227,
    0.45628463686753357,
    0.5839097780427294,
    0.5013608207722706,
    0.586504512988188,
    0.532983461690042,
    0.4339122592298676,
    0.526406959822919,
    0.45149624506175856,
    0.47849832904726763,
    0.42551849443769724,
    0.498149490950196,
    0.5689384611593554,
    0.4943186703862389,
    0.45290601950125026,
    0.465109721903384,
    0.5242489937383729,
    0.4660298214532725,
    0.4705708451730402,
    0.4714580599173898,
    0.4277602279403384,
    0.5359795693943818,
    0.5238934268481134,
    0.4951620645052001,
    0.4836692454758765,
    0.4635729056242366,
    0.4159830267178875,
    0.4544317938252946,
    0.42669435539432415,
    0.5525847429556556,
    0.4331255050948274,
    0.4869770392970205,
    0.49022806194111496,
    0.4295040687051917,
    0.5150608070414044,
    0.48699124238321395,
    0.43567779954978814,
    0.46356075050235923,
    0.48554419145427885,
    0.6157086874113844,
    0.45748427121083474,
    0.5521135080697829,
    0.49517819408560504,
    0.4494645136847517,
    0.5268856527246174,
    0.485127082529993,
    0.5718481204399037,
    0.47943622026041527,
    0.5688746510635115,
    0.4451223328932028,
    0.4983451006593823,
    0.5663005703104254,
    0.44954061995083366,
    0.4484566339145032,
    0.5795108557321691,
    0.583821953777948,
    0.46909195393796743,
    0.5683214755193577,
    0.47851593264378106,
    0.48560195421498314,
    0.4064561553622542,
    0.5150279041712261,
    0.47593495462630053,
    0.41787835468613843,
    0.4611514030025464,
    0.5853944301277544,
    0.46728356843514646,
    0.4690239501184879,
    0.46097266557293975,
    0.49260766671364903,
    0.5337209625514263,
